{"nodes":{"node:1":{"location":{"x":42,"y":-55}},"node:4":{"location":{"x":169,"y":-61}}},"selection":null,"view":{"scroll":{"x":18.1052932739257812,"y":-249.734024047851562},"visible_rect":{"max":{"x":961.403564453125,"y":338.843994140625},"min":{"x":12.0701961517333984,"y":-166.489349365234375}},"zoom":1.5}}