{"nodes":{"node:1":{"location":{"x":138,"y":-71}},"node:15":{"location":{"x":55,"y":62}},"node:7":{"location":{"x":-79,"y":-85}}},"selection":null,"view":{"scroll":{"x":-350.33331298828125,"y":-336.593719482421875},"visible_rect":{"max":{"x":665.66668701171875,"y":421.406280517578125},"min":{"x":-350.33331298828125,"y":-336.593719482421875}},"zoom":1}}